id,name,age,email,gender
0,Anonymous,0,anonymous,anonymous
1,Say Follos,87,sfollos0@cafepress.com,Male
2,Darrelle Strephan,42,dstrephan1@noaa.gov,Polygender
3,Coleen Favell,35,cfavell2@delicious.com,Female
4,Douglas Tooher,75,dtooher3@google.cn,Male
5,Armstrong Edyson,29,aedyson4@vk.com,Male
6,Jamaal Duell,42,jduell5@photobucket.com,Male
7,Pete Elliott,14,pelliott6@usatoday.com,Male
8,Helena Cumbes,53,hcumbes7@weibo.com,Female
9,Barnabe Stairmond,71,bstairmond8@aol.com,Male
10,Cathryn Vaan,16,cvaan9@goo.gl,Female
11,Phip Duling,49,pdulinga@npr.org,Male
12,Annabel Pennini,87,apenninib@shareasale.com,Female
13,Lynde Grisewood,62,lgrisewoodc@instagram.com,Female
14,Wendall Grayer,65,wgrayerd@tinypic.com,Male
15,Dorice Macek,71,dmaceke@businesswire.com,Female
16,Kelwin Torbet,89,ktorbetf@arizona.edu,Male
17,Gerri Barltrop,20,gbarltropg@friendfeed.com,Female
18,Gage Ashfield,82,gashfieldh@wsj.com,Male
19,Juieta Sheppey,85,jsheppeyi@zimbio.com,Female
20,Sophronia Bothie,44,sbothiej@salon.com,Female
21,Ignacio Onslow,27,ionslowk@mit.edu,Male
22,Dynah Siggery,50,dsiggeryl@howstuffworks.com,Female
23,Vicki Eccleston,35,vecclestonm@amazonaws.com,Female
24,Dominic Hunnam,32,dhunnamn@1und1.de,Male
25,Cherye Dower,33,cdowero@ed.gov,Female
26,Lee Follen,89,lfollenp@google.it,Female
27,Richy Densun,21,rdensunq@tuttocitta.it,Male
28,Stacia Wolfarth,23,swolfarthr@yale.edu,Female
29,Park Lanfer,76,planfers@thetimes.co.uk,Male
30,Corbett Hauger,34,chaugert@chron.com,Male
31,Noam Elloy,67,nelloyu@163.com,Male
32,Seth Keats,79,skeatsv@businesswire.com,Male
33,Matthias Swannick,67,mswannickw@howstuffworks.com,Male
34,Mendel Bunny,14,mbunnyx@wufoo.com,Genderfluid
35,Frans Dugan,76,fdugany@telegraph.co.uk,Male
36,Corney Abreheart,43,cabreheartz@t-online.de,Male
37,Katey Baulk,78,kbaulk10@squidoo.com,Female
38,Kim Chaters,68,kchaters11@bizjournals.com,Male
39,Shalom Streather,34,sstreather12@constantcontact.com,Male
40,Meredith Prophet,35,mprophet13@51.la,Bigender
41,Fredericka Westrip,25,fwestrip14@mayoclinic.com,Female
42,Staffard Karlsson,11,skarlsson15@devhub.com,Male
43,Clerkclaude Howatt,78,chowatt16@huffingtonpost.com,Male
44,Joela Hightown,49,jhightown17@yellowbook.com,Female
45,Tyrus Lissandre,17,tlissandre18@nps.gov,Male
46,Kean Greenalf,77,kgreenalf19@comcast.net,Polygender
47,Augustin Bozworth,29,abozworth1a@marriott.com,Male
48,Christos Moody,78,cmoody1b@printfriendly.com,Male
49,Cobb Casewell,77,ccasewell1c@photobucket.com,Male
50,Dilan Sigsworth,32,dsigsworth1d@shutterfly.com,Male
51,Marcelo Duxbury,62,mduxbury1e@google.ru,Male
52,Normand Houlton,89,nhoulton1f@mapquest.com,Male
53,Oona Totman,90,ototman1g@pinterest.com,Female
54,Tris Normanville,63,tnormanville1h@cnbc.com,Genderfluid
55,Dene Torbet,46,dtorbet1i@nydailynews.com,Male
56,Esteban Cassar,21,ecassar1j@spiegel.de,Male
57,Kare Dudmarsh,75,kdudmarsh1k@typepad.com,Female
58,Umberto Campo,84,ucampo1l@cloudflare.com,Male
59,Seumas Wilbore,90,swilbore1m@auda.org.au,Male
60,Siusan Cuseick,73,scuseick1n@tiny.cc,Female
61,Reese Scotsbrook,52,rscotsbrook1o@photobucket.com,Male
62,Dougy Fillis,73,dfillis1p@is.gd,Male
63,Irina Evershed,86,ievershed1q@cornell.edu,Female
64,Mattie Boykett,24,mboykett1r@moonfruit.com,Female
65,Sutton Rizzi,72,srizzi1s@google.com,Male
66,Oriana Lafuente,26,olafuente1t@yandex.ru,Female
67,Elisha Cappell,66,ecappell1u@myspace.com,Non-binary
68,Jessica Dibbs,14,jdibbs1v@virginia.edu,Female
69,Pacorro Hanham,84,phanham1w@yale.edu,Male
70,Dex Banasevich,89,dbanasevich1x@youtube.com,Male
71,Randolph Forker,27,rforker1y@facebook.com,Male
72,Glynn Panks,80,gpanks1z@storify.com,Male
73,Tracie Danilchik,88,tdanilchik20@odnoklassniki.ru,Male
74,Cecelia Lunnon,56,clunnon21@webmd.com,Agender
75,Jo ann Strangward,22,jann22@booking.com,Female
76,Scarlet Goadsby,80,sgoadsby23@geocities.com,Female
77,Hilda Corr,76,hcorr24@drupal.org,Female
78,Wendel Rooze,39,wrooze25@engadget.com,Male
79,Samuel Jorissen,60,sjorissen26@yale.edu,Male
80,Skell Kettles,10,skettles27@hao123.com,Genderqueer
81,Freddy O'Grady,42,fogrady28@ox.ac.uk,Male
82,Hervey Turri,78,hturri29@hibu.com,Male
83,Winthrop Sprouls,46,wsprouls2a@patch.com,Male
84,Lissie Spadari,53,lspadari2b@zdnet.com,Female
85,Glenda Taft,60,gtaft2c@usnews.com,Female
86,Germana Guyonnet,30,gguyonnet2d@unesco.org,Female
87,Tymon Pineaux,19,tpineaux2e@xinhuanet.com,Male
88,Ramsey Clink,22,rclink2f@bizjournals.com,Non-binary
89,Sacha Jarrard,50,sjarrard2g@pinterest.com,Non-binary
90,Jase Gunbie,85,jgunbie2h@multiply.com,Male
91,Carleton Glasscock,22,cglasscock2i@admin.ch,Male
92,Pernell Ewbank,22,pewbank2j@mlb.com,Male
93,Freedman Embra,56,fembra2k@diigo.com,Male
94,Addie McKeurtan,66,amckeurtan2l@google.pl,Male
95,Kleon Polak,34,kpolak2m@intel.com,Male
96,Emery Simpson,31,esimpson2n@patch.com,Male
97,David Dudney,89,ddudney2o@networkadvertising.org,Male
98,Cortie Toth,55,ctoth2p@prweb.com,Male
99,Fredi Toomey,30,ftoomey2q@flavors.me,Female
100,Dodi Westrey,88,dwestrey2r@example.com,Female
